data_exibida;handle;imovel_regiao;comentario_original
56 sem;@talitamabrito;Triplex - Pitangueiras;Gostaria de marcar uma visita.
81 sem;@jully.queiroz;Triplex - Pitangueiras;Gostaria de mais informações
82 sem;@dandj26;Triplex - Pitangueiras;Boa tarde, todas as fotos estão aí ou tem mais? Se sim, poderia me enviar
33 sem;@ss.international.br;Casa - Pitangueiras;Perfeito. Qual a profundidade da piscina? E o valor do condomínio?
38 sem;@jessica_souza_m91;Casa - Pitangueiras;Ainda tá disponível?
69 sem;@vancbittencourt;Casa - Pitangueiras;Qual o contato para saber informações
69 sem;@roselimarquesdafonseca;Casa - Pitangueiras / próximo à praia;Sou de SP e pretendo comprar uma casa em Salvador para morar. Gostei muito dessa casa, vc poderia mandar mais fotos, a casa é perto da praia, dá pra ir andando.
69 sem;@consullessa;Casa - Pitangueiras;Gostaria de saber mais informações
61w;@beel.rodriigues;Imóvel - Praia de Ipitanga;Ainda está disponível?
64w;@jannerosa50;Imóvel - Praia de Ipitanga;Fica onde
4d;@almada_97;Apartamento 2 quartos - Costa Azul (locação);Pode ver amanhã?
4d;@almada_97;Apartamento 2 quartos - Costa Azul (locação);Tenho interesse
6d;@ana_dosreis;Apartamento 2 quartos - Costa Azul (locação);2822,00? Mensal?
1w;@ludmila.l.leite;Apartamento - Aquárius/Pituba;Qual o valor para locação?
1w;@gabisbonadio;Apartamento mobiliado - Ondina (locação);Está disponível?
1w;@angelaaraujoa2a2;Apartamento à venda - Jardim Apipema/Ondina;São quantos quartos?
1w;@renammarques;Apartamento à venda - Jardim Apipema/Ondina;Projeto impecável! 👏 Gostaria de saber o valor desse investimento.
1w;@lualeluia;Apartamento - Armação / Residencial Cidade de Ituberá;Qual o andar?
1w;@lualeluia;Apartamento - Armação / Residencial Cidade de Ituberá;Gostaria de agendar uma visita nesse imóvel. Cidade de Ituberá.
8w;@nivearigaud;Imóvel anunciado - região não informada;Quero comprar. To de olho aqui.
3 min;@odilon_rodrigo;Imóvel anunciado - região não informada;Tem Fotos ?
10 h;@katherinegalo_;Imóvel anunciado - região não informada;Qual o valor do condomínio
1h;@lucysales23;Imóvel anunciado - região não informada;Mais informações
4h;@terezada_silvaqueiroz;Imóvel anunciado - região não informada;Qual a metragem
